user_id,ip_address,timestamp
100,192.168.1.60,1731951534.1527095
4,192.168.1.198,1731951535.1527104
29,192.168.1.188,1731951536.1527107
90,192.168.1.194,1731951537.1527112
51,192.168.1.51,1731951538.1527114
43,192.168.1.27,1731951539.1527116
23,192.168.1.114,1731951540.1527119
2,192.168.1.191,1731951541.1527123
39,192.168.1.88,1731951542.1527128
47,192.168.1.50,1731951543.152713
63,192.168.1.232,1731951544.1527133
30,192.168.1.121,1731951545.1527135
30,192.168.1.50,1731951546.1527138
41,192.168.1.36,1731951547.1527138
68,192.168.1.98,1731951548.152714
64,192.168.1.50,1731951549.152714
89,192.168.1.105,1731951550.1527143
92,192.168.1.6,1731951551.1527145
40,192.168.1.50,1731951552.1527147
13,192.168.1.60,1731951553.1527147
2,192.168.1.151,1731951554.152715
47,192.168.1.41,1731951555.152715
44,192.168.1.52,1731951556.1527152
28,192.168.1.69,1731951557.1527154
88,192.168.1.118,1731951558.1527154
84,192.168.1.161,1731951559.1527157
91,192.168.1.231,1731951560.152716
35,192.168.1.32,1731951561.152716
77,192.168.1.50,1731951562.1527164
56,192.168.1.165,1731951563.1527166
88,192.168.1.194,1731951564.1527166
18,192.168.1.132,1731951565.1527169
37,192.168.1.108,1731951566.1527169
45,192.168.1.228,1731951567.152717
63,192.168.1.50,1731951568.1527174
75,192.168.1.107,1731951569.1527176
42,192.168.1.50,1731951570.1527178
75,192.168.1.55,1731951571.152718
65,192.168.1.60,1731951572.152718
63,192.168.1.247,1731951573.1527183
36,192.168.1.162,1731951574.1527183
67,192.168.1.177,1731951575.1527185
97,192.168.1.60,1731951576.1527188
14,192.168.1.50,1731951577.1527188
3,192.168.1.57,1731951578.152719
48,192.168.1.19,1731951579.1527193
8,192.168.1.50,1731951580.1527193
44,192.168.1.50,1731951581.1527195
81,192.168.1.38,1731951582.1527195
92,192.168.1.255,1731951583.15272
86,192.168.1.60,1731951584.15272
83,192.168.1.60,1731951585.1527202
84,192.168.1.60,1731951586.1527202
81,192.168.1.90,1731951587.1527205
38,192.168.1.38,1731951588.1527207
33,192.168.1.50,1731951589.1527207
38,192.168.1.99,1731951590.152721
48,192.168.1.157,1731951591.1527212
90,192.168.1.178,1731951592.1527212
88,192.168.1.246,1731951593.1527214
70,192.168.1.73,1731951594.1527216
45,192.168.1.197,1731951595.152722
100,192.168.1.157,1731951596.152722
90,192.168.1.50,1731951597.1527221
6,192.168.1.196,1731951598.1527221
81,192.168.1.60,1731951599.1527224
57,192.168.1.94,1731951600.1527226
15,192.168.1.180,1731951601.1527226
33,192.168.1.28,1731951602.1527228
43,192.168.1.130,1731951603.1527233
65,192.168.1.7,1731951604.1527233
94,192.168.1.50,1731951605.1527236
91,192.168.1.136,1731951606.1527236
19,192.168.1.50,1731951607.1527238
39,192.168.1.176,1731951608.1527238
36,192.168.1.60,1731951609.152724
16,192.168.1.217,1731951610.1527243
12,192.168.1.33,1731951611.1527243
28,192.168.1.60,1731951612.1527245
4,192.168.1.60,1731951613.1527247
72,192.168.1.207,1731951614.1527247
11,192.168.1.73,1731951615.152725
48,192.168.1.120,1731951616.152725
62,192.168.1.158,1731951617.1527252
27,192.168.1.138,1731951618.1527252
35,192.168.1.60,1731951619.1527257
52,192.168.1.223,1731951620.1527257
8,192.168.1.60,1731951621.152726
83,192.168.1.131,1731951622.152726
84,192.168.1.111,1731951623.1527262
18,192.168.1.7,1731951624.1527262
84,192.168.1.61,1731951625.1527264
37,192.168.1.50,1731951626.1527264
52,192.168.1.60,1731951627.152727
68,192.168.1.182,1731951628.1527271
31,192.168.1.71,1731951629.1527274
36,192.168.1.170,1731951630.1527274
59,192.168.1.48,1731951631.1527276
65,192.168.1.60,1731951632.1527276
76,192.168.1.230,1731951633.1527278
